epoch,updates,train_loss,train_accuracy,validation_loss,validation_accuracy,c_clock_seconds
0,0,0.4985873997280334,0.52900000000000003,0.49899352963653065,0.51000000000000001,0
1,1,0.33144132023065076,0.81599999999999995,0.33371597058840335,0.78000000000000003,0.010000000
2,2,0.94891223680586334,0.5,0.95482922427435057,0.5,0.016000000
3,3,0.89267416014708423,0.5,0.90277706055300166,0.5,0.022000000
4,4,0.34210877438800313,0.77900000000000003,0.34950670333149275,0.71999999999999997,0.029000000
5,5,0.94439534676626002,0.5,0.94423679970639274,0.5,0.035000000
6,6,0.8969330444132293,0.501,0.89889800047705815,0.5,0.042000000
7,7,0.58435348829971123,0.57199999999999995,0.60200808374978954,0.56999999999999995,0.048000000
8,8,0.87482933952177055,0.5,0.89523121790620408,0.5,0.054000000
9,9,0.27319602581980301,0.82299999999999995,0.26574630871637966,0.80000000000000004,0.062000000
10,10,0.28927710711298565,0.82699999999999996,0.29325785202361276,0.81000000000000005,0.068000000
